[
  {
    "customer_id":"1714a6e4-b887-4e06-83db-1e31a6633cd4",
    "first_name":"Danielle",
    "last_name":"Johnson",
    "email":"john21@example.net",
    "phone":"001-581-896-0013x3890",
    "date_of_birth":"1959-08-21T00:00:00.000",
    "gender":"Other",
    "address_line1":"402 Peterson Drives Apt. 511",
    "address_line2":"Suite 155",
    "city":"Lindsaymouth",
    "state":"Ohio",
    "postal_code":"16862",
    "country":"Uzbekistan",
    "registration_date":"2024-06-09T00:00:00.000",
    "is_premium":false,
    "preferred_language":"Spanish",
    "marketing_consent":true
  },
  {
    "customer_id":"0a19457f-f26f-435e-aa85-a662920e58f7",
    "first_name":"Christian",
    "last_name":"Carter",
    "email":"barbara10@example.net",
    "phone":"441.731.6475",
    "date_of_birth":"1968-10-23T00:00:00.000",
    "gender":"Other",
    "address_line1":"419 Amanda Gardens",
    "address_line2":"Apt. 764",
    "city":"Lake Mark",
    "state":"Wyoming",
    "postal_code":"07832",
    "country":"Denmark",
    "registration_date":"2025-05-19T00:00:00.000",
    "is_premium":false,
    "preferred_language":"English",
    "marketing_consent":true
  },
  {
    "customer_id":"1482080e-d1f6-43a7-9cb1-663c9dafcc1e",
    "first_name":"Antonio",
    "last_name":"Stewart",
    "email":"carl95@example.org",
    "phone":"+1-876-772-4238x8496",
    "date_of_birth":"1959-07-24T00:00:00.000",
    "gender":"M",
    "address_line1":"710 Eric Estate",
    "address_line2":"Suite 916",
    "city":"Carlsonmouth",
    "state":"North Dakota",
    "postal_code":"33454",
    "country":"Micronesia",
    "registration_date":"2025-06-18T00:00:00.000",
    "is_premium":false,
    "preferred_language":"English",
    "marketing_consent":true
  },
  {
    "customer_id":"48984666-5dc5-4178-9750-661b83de75fd",
    "first_name":"Sherri",
    "last_name":"Frazier",
    "email":"maldonadoamanda@example.com",
    "phone":"001-551-446-2704x82814",
    "date_of_birth":"1970-01-29T00:00:00.000",
    "gender":"Other",
    "address_line1":"809 Burns Creek",
    "address_line2":null,
    "city":"Natashaport",
    "state":"Kansas",
    "postal_code":"08093",
    "country":"Dominican Republic",
    "registration_date":"2025-07-01T00:00:00.000",
    "is_premium":false,
    "preferred_language":"Spanish",
    "marketing_consent":true
  },
  {
    "customer_id":"c89ad36f-e101-4945-8c33-50c481d33a11",
    "first_name":"Ashley",
    "last_name":"Miller",
    "email":"wcabrera@example.net",
    "phone":"001-822-778-2489x63834",
    "date_of_birth":"1974-06-13T00:00:00.000",
    "gender":"F",
    "address_line1":"33150 Brianna Avenue Apt. 031",
    "address_line2":null,
    "city":"Port Markhaven",
    "state":"Kansas",
    "postal_code":"37001",
    "country":"Paraguay",
    "registration_date":"2024-08-31T00:00:00.000",
    "is_premium":true,
    "preferred_language":"Spanish",
    "marketing_consent":true
  }
]