[
  {
    "order_id":"5f815692-8496-4d2d-a1d6-8ccb4353f5f5",
    "customer_id":"d4020c91-b1b2-4d80-8024-c88469bc488b",
    "order_date":"2025-08-02T00:00:00.000",
    "order_status":"processing",
    "payment_method":"paypal",
    "shipping_method":"pickup",
    "shipping_address_line1":"726 David Freeway Suite 021",
    "shipping_address_line2":null,
    "shipping_city":"Jasonview",
    "shipping_state":"Minnesota",
    "shipping_postal_code":"05950",
    "shipping_country":"Tonga",
    "billing_same_as_shipping":true,
    "discount_amount":0.0,
    "tax_amount":4.19,
    "shipping_cost":14.5,
    "total_amount":68.04,
    "notes":null,
    "created_at":"2025-08-02T00:59:34.000",
    "updated_at":"2025-08-10T19:11:06.000",
    "subtotal":49.35
  },
  {
    "order_id":"ae61fecc-8b06-42a8-a528-45497b170f5f",
    "customer_id":"c3384516-27af-4a1b-b450-4ef91e69b76f",
    "order_date":"2024-12-23T00:00:00.000",
    "order_status":"shipped",
    "payment_method":"bank_transfer",
    "shipping_method":"overnight",
    "shipping_address_line1":"3131 David Unions Apt. 243",
    "shipping_address_line2":null,
    "shipping_city":"Jeanettefurt",
    "shipping_state":"Missouri",
    "shipping_postal_code":"91876",
    "shipping_country":"Iceland",
    "billing_same_as_shipping":false,
    "discount_amount":47.25,
    "tax_amount":5.5,
    "shipping_cost":22.06,
    "total_amount":45.03,
    "notes":null,
    "created_at":"2024-12-23T20:57:45.000",
    "updated_at":"2025-08-14T19:43:43.000",
    "subtotal":64.72
  },
  {
    "order_id":"02745c51-212e-4bc5-aa45-ea6be8cdd48a",
    "customer_id":"f0f5f1f4-d061-4a0a-bebc-9aaf6704eef3",
    "order_date":"2024-10-01T00:00:00.000",
    "order_status":"delivered",
    "payment_method":"cash_on_delivery",
    "shipping_method":"overnight",
    "shipping_address_line1":"621 Perez Harbor",
    "shipping_address_line2":"Suite 060",
    "shipping_city":"Port Staceychester",
    "shipping_state":"Washington",
    "shipping_postal_code":"15292",
    "shipping_country":"Qatar",
    "billing_same_as_shipping":true,
    "discount_amount":13.69,
    "tax_amount":233.13,
    "shipping_cost":10.97,
    "total_amount":2973.07,
    "notes":null,
    "created_at":"2024-10-01T00:29:15.000",
    "updated_at":"2024-10-04T15:11:06.000",
    "subtotal":2742.66
  },
  {
    "order_id":"528dcd6a-e4e6-4110-93a8-ebc48d5b3d73",
    "customer_id":"ca53947e-aac8-45d0-9b16-6ed3d7fc0c3a",
    "order_date":"2024-12-30T00:00:00.000",
    "order_status":"cancelled",
    "payment_method":"paypal",
    "shipping_method":"standard",
    "shipping_address_line1":"844 Watson River Apt. 600",
    "shipping_address_line2":null,
    "shipping_city":"Phillipsville",
    "shipping_state":"Illinois",
    "shipping_postal_code":"90316",
    "shipping_country":"Comoros",
    "billing_same_as_shipping":true,
    "discount_amount":10.34,
    "tax_amount":617.33,
    "shipping_cost":20.97,
    "total_amount":7890.61,
    "notes":null,
    "created_at":"2024-12-30T06:09:50.000",
    "updated_at":"2025-03-31T11:37:46.000",
    "subtotal":7262.65
  },
  {
    "order_id":"23cb9ba6-e116-44ee-94d6-a4480ba3bd82",
    "customer_id":"5ce2b50f-1c36-43a1-a483-0722101c073a",
    "order_date":"2024-11-08T00:00:00.000",
    "order_status":"delivered",
    "payment_method":"credit_card",
    "shipping_method":"express",
    "shipping_address_line1":"9417 Rodriguez Burgs",
    "shipping_address_line2":"Apt. 756",
    "shipping_city":"Amandamouth",
    "shipping_state":"Massachusetts",
    "shipping_postal_code":"34699",
    "shipping_country":"Malawi",
    "billing_same_as_shipping":false,
    "discount_amount":10.16,
    "tax_amount":22.97,
    "shipping_cost":23.55,
    "total_amount":306.6,
    "notes":null,
    "created_at":"2024-11-08T19:22:02.000",
    "updated_at":"2025-02-08T17:23:43.000",
    "subtotal":270.24
  }
]