[
  {
    "order_item_id":"f62ac7a8-b028-4234-90e1-cca469d2d7a5",
    "order_id":"5f815692-8496-4d2d-a1d6-8ccb4353f5f5",
    "product_id":"de8236c9-ad71-45a5-99b4-18445c15801d",
    "quantity":3,
    "unit_price":16.45,
    "total_price":49.35,
    "discount_applied":false,
    "discount_amount":0.0
  },
  {
    "order_item_id":"43232f2e-07fa-4e97-80a1-e9578d3fb28e",
    "order_id":"ae61fecc-8b06-42a8-a528-45497b170f5f",
    "product_id":"915f0730-59a6-4e76-8133-211ecf3b9033",
    "quantity":2,
    "unit_price":32.36,
    "total_price":64.72,
    "discount_applied":false,
    "discount_amount":0.0
  },
  {
    "order_item_id":"f9b6131c-52ba-422c-8055-6082feb966ea",
    "order_id":"02745c51-212e-4bc5-aa45-ea6be8cdd48a",
    "product_id":"84818689-9ac1-4ae6-8275-586880502bd1",
    "quantity":2,
    "unit_price":568.21,
    "total_price":1136.42,
    "discount_applied":false,
    "discount_amount":0.0
  },
  {
    "order_item_id":"ebeba0ff-874f-4db5-8772-d09b04f5e771",
    "order_id":"02745c51-212e-4bc5-aa45-ea6be8cdd48a",
    "product_id":"928d07b4-3495-47b2-adfa-200fb317068c",
    "quantity":1,
    "unit_price":142.75,
    "total_price":142.75,
    "discount_applied":false,
    "discount_amount":0.0
  },
  {
    "order_item_id":"8042a44a-ee3b-4b5c-b8fd-6f3dc9f2b086",
    "order_id":"02745c51-212e-4bc5-aa45-ea6be8cdd48a",
    "product_id":"c489b7fb-dc4f-43d9-965a-e2b5f0391d49",
    "quantity":3,
    "unit_price":439.3,
    "total_price":1317.9,
    "discount_applied":false,
    "discount_amount":0.0
  }
]